104|1917|At the height of the First World War, two young British soldiers must cross enemy territory and deliver a message that will stop a deadly attack on hundreds of soldiers.
859|Tiny Toon Adventures|Follow the adventures of a group of young cartoon characters who attend the Acme Looniversity to become the next generation of characters from the Looney Tunes series.
1747|The Guardians of the Galaxy Holiday Special|On a mission to make Christmas unforgettable for Quill, the Guardians head to Earth in search of the perfect present.
2345|Pig|A truffle hunter who lives alone in the Oregon wilderness must visit Portland to find the mysterious person who stole his beloved foraging pig.
2465|Dragon Ball Z: Resurrection 'F'|One peaceful day on Earth, two remnants of Frieza's army named Sorbet and Tagoma arrive searching for the Dragon Balls with the aim of reviving Frieza. They succeed, and Frieza subsequently seeks revenge on the Saiyans.
2686|Sleeper|Miles Monroe, a clarinet-playing health food store proprietor, is revived out of cryostasis 200 years into a future world in order to help rebels fight an oppressive government regime.
2951|Clown|A loving father finds a clown suit for his son's birthday party, only to realize the suit is part of an evil curse that turns its wearer into a killer.
3017|Secret Obsession|Newlywed Jennifer is brutally attacked at a dark rest stop. While healing from her injuries, she can’t recall anything from her past, including the ordeal. Her husband, Russell , is just thankful she’s alive and eager to get her home. As he reintroduces her to their secluded mountain estate, Detective Page  pursues Jennifer’s assailant — his own daughter went missing and was never found. The same fate now awaits Jennifer, unless someone realizes that her loving caretaker is actually her captor.
3026|Hidden|A family takes refuge in a fallout shelter to avoid a dangerous outbreak.
3065|The Amityville Horror|George Lutz, his wife Kathy, and their three children have just moved into a beautiful, and improbably cheap, Victorian mansion nestled in the sleepy coastal town of Amityville, Long Island. However, their dream home is concealing a horrific past and soon each member of the Lutz family is plagued with increasingly strange and violent visions and impulses.
3792|Cop Car|Two kids find themselves in the centre of a deadly game of cat and mouse after taking a sheriff's cruiser for a joy ride.
4267|Luxo Jr.|A baby lamp finds a ball to play with and it's all fun and games until the ball bursts. Just when the elder Luxo thinks his kid will settle down for a bit, Luxo Jr. finds a ball ten times bigger.
4300|Dragon Ball Z: The History of Trunks|It has been thirteen years since the Androids began their killing rampage and Son Gohan is the only person fighting back. He takes Bulma's son Trunks as a student and even gives his own life to save Trunks's. Now Trunks must figure out a way to change this apocalyptic future
4304|Boundin'|On a high mountain plain lives a lamb with wool of such remarkable sheen that he breaks into high-steppin' dance. But there comes a day when he loses his lustrous coat and, along with it, his pride. It takes a wise jackalope - a horn-adorned rabbit - to teach the moping lamb that wooly or not, it's what's inside that'll help him rebound from life's troubles.
4315|Stand by Me Doraemon|Sewashi and Doraemon find themselves way back in time and meet Nobita. It is up to Doraemon to take care of Nobita or else he will not return to the present.
4363|Naruto Shippuden the Movie: Bonds|A mysterious group of ninjas makes a surprise attack on the Konohagakure, which takes great damage. The nightmare of another Shinobi World War could become a reality. Sasuke, who was still a missing nin from Konoha trying to kill his brother, Itachi, appears for the second time in front of Naruto at an unknown location to prevent it from happening.
4369|Naruto Shippuden the Movie: The Will of Fire|Ninjas with bloodline limits begin disappearing in all the countries and blame points toward the fire nation. By Tsunade's order, Kakashi is sacrificed to prevent an all out war. After inheriting charms left by Kakashi, Naruto fights through friends and foes to prevent his death while changing the minds of those who've inherited the will of fire.
4371|Naruto Shippuden the Movie: The Lost Tower|Assigned on a mission to capture Mukade, a missing-nin, Naruto Uzumaki sets out for the once glorious historic ruins of "Ouran", where he pursues and corners the rouge ninja. Mukade's goal is revealed to be a dormant leyline within the ruins; he unleashes the power of the leyline, causing a light to envelop Naruto, sending him into the past, 20 years before the series began. When Naruto awakens, he comes into contact with the Fourth Hokage, Minato Namikaze.
4375|Belle's Magical World|Belle, the Beast, Lumiere, Cogsworth and the rest of those zany castle residents use their imaginations to embark on three magical, storybook adventures. This direct-to-video anthology serves as a "sequel" to Disney's animated hit film. In "The Perfect World," Belle and the Beast learn about forgiveness. In "Fifi's Folly," Lumiere's girlfriend is jealous of his bond with Belle. And in "Broken Wing," the Beast learns to be kind to an injured bird.
4382|Hair Love|When dad has to unexpectedly step in for mom to do his daughter Zuri’s hair before a big event, what seems like a simple task is anything but as these locks have a mind of their own!
4462|Confessions|Devastated at the death of her four-year-old daughter, a grieving middle school teacher is horrified to discover that her students aren't as innocent as she thinks.
4560|Society|Bill Whitney is worried that he is different to his sister and parents. They mix with other upper-class people while Bill is more down to earth. Even his girlfriend seems a bit odd. All is revealed when Bill returns home to find a party in full swing.
4587|The Entity|A single mom is raped by an invisible force. Her psychiatrist believes the experience stems from childhood trauma, while she knows something supernatural is at play.
4653|'71|A young British soldier must find his way back to safety after his unit accidentally abandons him during a riot in the streets of Belfast.
4993|Lou|A Pixar short about a lost-and-found box and the unseen monster within.
5125|Stargirl|An unassuming high schooler finds himself inexplicably drawn to the free-spirited new girl, whose unconventional ways change how they see themselves…and their world.
5177|Frankenweenie|When young Victor's pet dog Sparky (who stars in Victor's home-made monster movies) is hit by a car, Victor decides to bring him back to life the only way he knows how. But when the bolt-necked "monster" wreaks havoc and terror in the hearts of Victor's neighbors, he has to convince them (and his parents) that despite his appearance, Sparky's still the good loyal friend he's always been.
5218|Pooh's Grand Adventure: The Search for Christopher Robin|Pooh gets confused when Christopher Robin leaves him a note to say that he has gone back to school after the holidays. So Pooh, Piglet, Tigger, Eeyore and Rabbit go in search of Christopher Robin which leads to a big adventure.
5263|Hot Girls Wanted|A first-ever look at the realities of the professional “amateur” porn world and the steady stream of 18-to-19-year old girls entering into it.
5308|David Attenborough: A Life on Our Planet|The story of life on our planet by the man who has seen more of the natural world than any other. In more than 90 years, Attenborough has visited every continent on the globe, exploring the wild places of our planet and documenting the living world in all its variety and wonder. Addressing the biggest challenges facing life on our planet, the film offers a powerful message of hope for future generations.
5485|Breach|Eric O'Neill, a low-level surveillance expert with the FBI, believes he is accomplishing his dream of becoming a full-fledged agent, with his unexpected promotion and assignment to clerk for Robert Hanssen, a renowned senior agent with 25 years in the FBI. However, he soon learns the reason for his promotion is to gain Hanssen's trust and find proof that he is a traitor to the country. Determined to draw the suspected double-agent out of deep cover, O'Neill finds himself in a lethal game of spy vs. spy, where nothing is as it seems.
5673|Joe Kidd|A band of Mexicans find their U. S. land claims denied and all the records destroyed in a courthouse fire. Their leader, Louis Chama, encourages them to use force to regain their land. A wealthy landowner wanting the same decides to hire a gang of killers with Joe Kidd to track Chama.
5698|Big Jake|An aging Texas cattle man who has outlived his time swings into action when outlaws kidnap his grandson.
5843|Locked Up|Set up to take the blame for corporate fraud, young Macarena Ferreiro is locked up in a high-security women's prison surrounded by tough, ruthless criminals in this tense, provocative Spanish thriller.
5866|Obi-Wan Kenobi|During the reign of the Galactic Empire, former Jedi Master, Obi-Wan Kenobi, embarks on a crucial mission to confront allies turned enemies and face the wrath of the Empire.
5897|Sense8|One gunshot, one death, one moment out of time that irrevocably links eight minds in disparate parts of the world, putting them in each other's lives, each other's secrets, and in terrible danger. Ordinary people suddenly reborn as "Sensates."
5931|La hija del Mariachi|Emiliano, a wealthy Mexican businessman, is ripped off by his friends and partners. Hidden in Bogotá, he receives help from Rosario, a mariachi singer. She does not know Emiliano’s background and that he is wanted by the police of two countries and by a criminal organization. With a new name and personality, he adapts well to his new life as a mariachi band member and finds in Rosario the love of his life. But he is afraid his secret will tear them apart. He needs to clear his name and resolve his case to avoid that fate. Meanwhile, he often finds his love tested and vulnerable to several rivals, but Rosario always trusts that he has been honest with her.
5955|Lady, la vendedora de rosas|The life story of Colombian film star Lady Tabares, who was plucked off the mean streets to star in a film and quickly rose to fame.
5985|What Life Took From Me|"What Life Took From Me" is a Mexican telenovela produced by Angelli Nesma Medina for Televisa. It is a remake of Bodas de odio, produced by Ernesto Alonso in 1983. In 2003, "True Love", the first remake, was produced by Carla Estrada. Unlike Bodas de odio and "True Love", "What Life Took From Me" has been adapted to the present time.
6045|She-Hulk: Attorney at Law|Jennifer Walters navigates the complicated life of a single, 30-something attorney who also happens to be a green 6-foot-7-inch superpowered hulk.
6120|La familia P. Luche|A family that deals with the conflicts and problems of daily life but in a comical and exaggerated way with the particularity that they live in a city that is built entirely of stuffed animals and with all the stuffed accessories.
6166|Crash Landing on You|A paragliding mishap drops a South Korean heiress in North Korea -- and into the life of an army officer, who decides he will help her hide.
6176|Mr. Pickles|The Goodman family lives with their lovable pet dog, Mr. Pickles, a deviant border collie with a secret satanic streak.
6192|High School Musical: The Musical: The Series|A group of East High students countdown to the opening night of their school’s first-ever production of “High School Musical.” Showmances blossom; friendships are tested while new ones are made; rivalries flare and lives are changed forever as these young people discover the transformative power that only a high school drama club can provide.
6218|Pinky and the Brain|Pinky and Brain are genetically enhanced laboratory mice who reside in a cage in the Acme Labs research facility. Brain is self-centered and scheming; Pinky is good-natured but feebleminded. In each episode, Brain devises a new plan to take over the world, which ultimately ends in failure, usually due to Pinky's idiocy, the impossibility of Brain's plan, Brain's own arrogance, or just circumstances beyond their control.
6280|Rosario Tijeras|This is the story of the legendary Rosario Tijeras, the beautiful warrior from a slum who fell in love with Antonio and Emilio, two handsome and wealthy young men. Antonio, a young architect, desperately rushes the dying Rosario Tijeras to a nearby hospital. The beautiful Rosario has been shot four times by a hitman. While he waits for his beloved Rosario to be saved from her wounds, Antonio recalls how Rosario, a beautiful teenager, became the murderer Rosario Tijeras. And how he, a dashing young man, makes her his obsession. The woman of his dreams.
6304|Battlestar Galactica|A re-imagining of the original series in which a "rag-tag fugitive fleet" of the last remnants of mankind flees pursuing robots while simultaneously searching for their true home, Earth.
6362|The Dragon Prince|An extraordinary discovery inspires two human princes and an elven assassin to team up on an epic quest to bring peace to their warring lands.
6398|The King: Eternal Monarch|Korean emperor Lee Gon tries to close the doors to a parallel world which was opened by demons; a detective tries to protect the people and the one she loves.
6431|Happy Tree Friends|This action and adventure comedy is drawn in simple appearance and combines cute forest animals with extreme graphic violence. Each episode revolves around the characters enduring accidental events of bloodshed, pain, dismemberment and/or death.
6477|Heroes Reborn|The supernatural phenomenon begins again with a fresh crop of inspiring heroes who take on the ultimate struggle between those with extraordinary abilities and those with nefarious motives to hunt and harness their powers. Epic adventures await these newly empowered allies as they cross paths with some of the original characters, unlocking the mysterious fate of the universe and their place within it.
6484|Adventure Time: Distant Lands|Based on the animated series Adventure Time, these four specials explore the unseen corners of the world with both familiar and exciting brand-new characters.
6488|Motherland: Fort Salem|Set in an alternate America where witches ended their persecution over 300 years ago by cutting a deal with the government to fight for their country, the series follows three young women from basic training in combat magic into early deployment.
6494|The Flash|When a bolt of lightning crashes through a police crime lab, a mix of electrically charged substances bathes chemist Barry Allen, transforming him into the fastest man alive--The Flash.
6677|Taken|The show takes place from 1944 to 2002 and follows the lives of three families: the Crawfords, who seek to cover up the Roswell crash and the existence of aliens; the Keys, who are subject to frequent experimentation by the aliens; and the Clarkes, who sheltered one of the surviving aliens from the crash.
6715|Slasher|Thirty years ago, in the sleepy community of Waterbury, a killer known as “The Executioner” murdered Sarah Bennett's parents. Now Sarah and her husband Dylan have returned to town, only to find herself the centerpiece in a series of horrifying murders centered around the seven deadly sins.
6721|Scooby-Doo and Scrappy-Doo|Everyone’s favorite mystery-solving Great Dane is here to find clues, along with a little help from his energetic nephew and four human companions.
6761|American Dragon: Jake Long|American Dragon is a coming of age comedy-action series about Jake Long, a 13-year-old Asian-American boy who strives to find balance in his life as a skateboard-grinding, New York 'tween while learning to master his mystical powers (in his secret identity) as the American Dragon, the protector and guardian of all magical creatures secretly living amidst the human world.
6789|CatDog|The life and times of a cat and a dog with a unique twist: they're connected, literally. They share one body with a Dog's head at one end and Cat's head on the other. Adding to their dilemma is Cat's annoyance with Dog, mainly caused by Dog's stupidity and Cat's up-tight personality. Characters: Cat - Cat is the smarter one of the two brothers, and is always hatching some kind of plot to get his brother to calm down, so that Cat doesn't get beat around and hurt. Even though most of these plots involve messing with Dog's feeble mind, they often backfire on Cat, much to his dismay. It may not show all the time but, he deeply loves, and cares for his brother Dog. Dog - Dog is the more lovable of the two brothers, Dog loves to play and party and play some more, he loves baseball and playing fetch with frisbees, balls, sticks, etc, He is very friendly, and happy, but does have a breaking point. He's very sensitive, and if he fails at something he feels horrible, and worthless
6813|¡Mucha Lucha!|¡Mucha Lucha! is an American-Canadian animated television series created by Eddie Mort and Lili Chin. The show is set in a town centered around lucha libre and follows the adventures of three children, Rikochet, The Flea and Buena Girl, as they struggle through the Foremost World-Renowned International School of Lucha, where they study.
6877|Beast Wars: Transformers|Two spaceships, one manned by benevolent Maximals, the other by evil Predacons, crash-land on a pre-humanoid planet while en route to Earth. Their crews assume indigenous animal forms to protect themselves from an overabundance of natural energy, transforming into robots to do battle. Thus, the Beast Wars have begun...
6898|Marvel Zombies|After the Avengers are overtaken by a zombie plague, a desperate group of survivors discover the key to bringing an end to the super-powered undead, racing across a dystopian landscape and risking life and limb to save their world.
7038|My Wife and Kids|Michael Kyle is a loving husband and modern-day patriarch who rules his household with a unique and distinct parenting style. As he teaches his three children some of life's lessons, he does so with his own brand of humor.
